{
  "version": "5.0",
  "accuracy": 0.9988242210464433,
  "auc_roc": 1.0,
  "precision": 0.9988331200356849,
  "recall": 0.9988242210464433,
  "f1": 0.9988260453493554,
  "precision_no_ot": 1.0,
  "recall_no_ot": 0.9986099044309297,
  "precision_ot": 0.9924314096499527,
  "recall_ot": 1.0,
  "feature_count": 141,
  "confusion_matrix": [
    [
      5747,
      8
    ],
    [
      0,
      1049
    ]
  ],
  "individual_scores": {
    "lgb": 1.0,
    "xgb": 1.0,
    "catboost": 0.9547325102880658,
    "rf": 0.8214285714285714,
    "gb": 0.9808935920047032,
    "nn": 0.9785420340975897
  },
  "trained_at": "2026-02-25T08:18:18.323028",
  "cv_accuracy_mean": 0.8541446208112875,
  "cv_accuracy_std": 0.026311190404192615,
  "cv_auc_mean": 0.8913417607596381,
  "cv_auc_std": 0.03765239031866772,
  "cv_accuracy_scores": [
    0.8130511463844797,
    0.8835978835978836,
    0.8721340388007055,
    0.8342151675485009,
    0.8677248677248677
  ],
  "cv_auc_scores": [
    0.8197798846907487,
    0.9187425434679148,
    0.910117337164751,
    0.8875743707093822,
    0.9204946677653937
  ]
}